{
    "rmse": 0.7782927118460954,
    "mae": 0.6303896861982384,
    "r2": 0.04852311760786754
}